Kabupaten/Kota,Jumlah Penduduk (Ribu),Laju Pertumbuhan,Rasio Beban Ketergantungan,Kepadatan Penduduk (km²),Jumlah Tenaga Kesehatan,Fasilitas Kesehatan,Angka Kesakitan,Umur Harapan Hidup,Jaminan Kesehatan (PBI),Imunisasi Campak (%),Angka Harapan Sekolah (Thn),Rata-rata Lama Sekolah (Thn),AMH,APK SMA,Sarana Pendidikan,APM SMA (%),TPAK (%),TPT (%),Rata-Rata Upah/Gaji Buruh / Karyawan (juta),Angkatan Kerja,Gini Rasio,Konsumsi/Pengeluaran,Penduduk Miskin (%),Indeks Kedalaman Kemiskinan,Indeks Keparahan Kemiskinan,Garis Kemiskinan,Sanitasi Layak,Sumber Penerangan PLN,Air Minum Layak,Rumah Layak Huni,Persentase Pengguna Internet Penduduk
Kabupaten Pacitan,588.6,0.1,46.76,411,223,221,8.53,74.98,43.32,81.52,12.69,7.9,94.59,92.17,36.63,84.81,86.62,1.56,2106860,419.721,0.327,921.999,13.08,1.49,0.25,386174,83.57,99.95,86.55,71.34,62.99
Kabupaten Ponorogo,962.9,0.36,45.41,681,392,384,8.96,75.61,45.43,80.56,13.78,7.8,91.93,92.6,36.48,83.84,78.75,4.19,2227687,618.25,0.326,1089373,9.11,1.02,0.17,428183,93.28,100,97.09,88.88,71.02
Kabupaten Trenggalek,744.5,0.46,43.9,598,260,250,7.62,75.63,44.16,84.34,12.63,7.92,97.09,95.42,37.58,81.14,80.08,3.9,2262479,482.897,0.35,968.997,10.5,1.43,0.28,450334,86.53,99.92,86.65,72.34,68.11
Kabupaten Tulungagung,1113.9,0.55,42.99,978,430,443,15.39,75.51,38.49,77.41,13.36,8.68,97.19,89.48,25.09,82.04,75.57,4.12,2067087,678.314,0.321,1077898,6.28,0.6,0.1,463364,90.08,99.85,99.72,86.47,74.76
Kabupaten Blitar,1263.7,0.83,44.47,730,371,412,11.88,75.63,44.39,85.26,12.67,7.87,96.99,93.41,26.61,73.67,72.36,4.77,2135680,730.704,0.353,1087302,8.16,0.8,0.12,417158,88.19,100,98.88,83.91,76.76
Kabupaten Kediri,1689.9,0.82,42.87,1117,552,591,12.14,75.41,48.35,72.21,13.63,8.26,97.54,88.23,33.14,81.87,71.31,5.1,1896553,952.912,0.3,1044733,9.95,1.22,0.24,419486,94.35,100,94.07,83.3,68.3
Kabupaten Malang,2736,0.77,42.26,793,648,720,14.42,75.63,31.8,73.81,13.49,7.8,95.99,90.06,60.77,71.45,72.9,5.13,2320203,1579212,0.343,1160954,8.98,0.98,0.16,436153,89.16,100,96.94,79.72,70.33
Kabupaten Lumajang,1145.9,0.6,43.57,641,311,312,8.41,74.8,39.37,71.62,12.41,7.27,93.87,88.74,59.51,64.7,70.86,3.28,1905206,648.582,0.363,1274477,8.65,1.23,0.26,420165,82.91,99.36,94.01,71.92,58.7
Kabupaten Jember,2603.8,0.67,42.52,791,437,490,22.36,74.37,40.67,71.59,13.5,6.54,90.93,79.92,104.44,74.35,73.76,3.23,2093103,1530401,0.321,1111191,9.01,1.01,0.18,474903,72.92,99.97,97.51,70.17,62.46
Kabupaten Banyuwangi,1754.4,0.66,44.16,491,423,440,18.88,74.43,51.49,76.85,13.14,7.78,95.52,104.14,72.81,79.98,75.36,4.03,2192186,1051994,0.312,1516296,6.54,0.44,0.06,485012,87.92,99.87,98.55,83.72,73.07
Kabupaten Bondowoso,792.3,0.53,44.86,512,278,270,11.19,73.47,77.97,63.8,13.33,6.53,87.64,90.41,61.64,69.97,75.1,3.63,2542241,475.484,0.333,1090278,12.6,1.51,0.28,526325,65.35,100,97.53,59.25,55.24
Kabupaten Situbondo,700.7,0.54,42.56,426,194,193,16.42,73.54,51.93,61.92,13.2,6.93,86.08,75.2,75.74,69.59,76.66,3.15,1910141,434.497,0.385,1138864,11.51,1.19,0.18,428100,68.31,99.81,95.16,56.59,56.66
Kabupaten Probolinggo,1185.2,0.72,44.57,692,428,419,12.31,74.1,71.98,68.03,12.64,6.31,89.06,75.09,60.61,57.03,73.18,3,2047081,678.129,0.339,1049161,16.45,2.63,0.6,545221,73.02,99.41,98.55,65.35,58.84
Kabupaten Pasuruan,1657.2,0.8,41.06,1118,492,478,9.89,74.81,44.41,69.93,12.78,7.46,93.52,88.4,45.75,68.54,75.31,5.02,2824208,978.581,0.331,1140133,8.63,1.09,0.21,464861,87.57,100,99.05,76.83,64.93
Kabupaten Sidoarjo,2171.5,1.08,38.38,3030,819,715,22.48,76.08,34.78,83.69,15.22,10.91,99.52,83.62,44.22,88.33,68.37,6.49,3955662,1172557,0.327,1959248,4.53,0.64,0.18,617911,97.96,100,98.81,86.23,83.74
Kabupaten Mojokerto,1154.3,0.79,42.34,1181,450,442,11.35,75.28,42.73,74.06,12.99,9.13,96.86,99.93,42.76,85.84,73.94,3.87,2711299,671.806,0.337,1345014,9.37,1.01,0.19,526397,92.19,99.93,97.69,84.15,72.52
Kabupaten Jombang,1362.7,0.86,43.17,1238,483,501,10.05,74.97,41.61,82.96,13.61,8.78,96.16,96.18,45.42,84.42,71.88,3.75,2467479,766.832,0.302,1158016,8.6,0.9,0.17,532053,97.32,100,99.6,83.89,70.56
Kabupaten Nganjuk,1131.8,0.64,44.2,883,422,422,8.91,74.96,61.97,80.54,13.18,8.25,93.51,91.78,34.51,91.1,69.79,3.87,2394537,627.397,0.289,1191743,10.17,1.04,0.18,561807,92.66,100,99.74,81.89,65.43
Kabupaten Madiun,757.8,0.45,44.66,683,294,307,5.27,75.11,65.39,80.71,13.27,8.2,92.91,98.14,25.24,89.36,72.34,4.34,2577689,444.286,0.309,1099137,10.63,1.4,0.25,476506,92.99,99.95,97.51,86.29,65.87
Kabupaten Magetan,685.5,0.56,48.67,976,324,314,10.05,75.76,42.7,82,14.08,8.69,95.39,91.98,23.83,82.92,77.04,3.28,2384499,425.639,0.371,1135005,9.32,1.09,0.2,470409,91.47,100,99.17,88.71,64.74
Kabupaten Ngawi,884.1,0.39,44.79,636,317,322,16.21,75.49,63.11,76.37,12.89,7.84,94.75,94.07,30.88,82.25,75.73,2.4,2301137,541.37,0.289,1212767,13.81,2.22,0.61,459551,86.98,99.95,96.85,70.72,64.91
Kabupaten Bojonegoro,1325.3,0.44,41.58,575,591,513,11.02,75.2,88.33,76.48,13.18,7.59,94.21,106.44,31.86,85.5,73.86,4.42,2354220,787.395,0.31,1116149,11.69,1.99,0.48,490299,95.51,100,98.1,74.53,62
Kabupaten Tuban,1225.2,0.56,40.97,624,450,472,8.47,75.23,41,71.06,12.54,7.53,93.52,93.69,33.84,70.05,74.55,4.28,2517162,733.923,0.335,1264826,14.36,1.95,0.39,504823,90.6,99.93,99.32,80.93,61.61
Kabupaten Lamongan,1378.2,0.64,41.7,791,698,646,6.18,75.4,51.27,76.21,14.03,8.48,95.65,94.69,35.86,79.09,74.8,4.34,2565801,828.276,0.281,1314533,12.16,1.88,0.44,543475,93.76,100,86.48,77.1,67.15
Kabupaten Gresik,1364,1.02,40.75,1096,582,587,7.72,74.9,57.1,80.01,13.98,10.03,98.57,94.63,44.94,81.95,71.61,6.45,3791294,764.971,0.322,1819151,10.32,1.58,0.33,635154,97.7,100,95.76,86.24,79.53
Kabupaten Bangkalan,1102.5,1,41.71,855,346,306,15.13,73.62,39.56,79.47,11.98,6.01,90.31,66.19,56.58,53.3,70.48,5.35,2454525,607.13,0.301,816.1,18.66,2.03,0.39,566280,71.82,100,95.48,62.77,54.56
Kabupaten Sampang,1016.3,1.2,43.93,837,252,261,22.4,73.89,61.02,72.69,12.55,5.08,86.64,73.97,101.08,62.62,73.62,2.5,2009776,568.098,0.233,841.069,20.83,2.86,0.57,504557,88.8,100,96.87,76.8,54.77
Kabupaten Pamekasan,884.7,1.03,43.59,1123,276,193,8.46,73.85,67.53,73.48,13.69,7.17,92.08,85.34,94.18,65.92,79.13,1.64,1981881,540.225,0.301,801.202,13.41,1.05,0.14,482278,76.19,99.78,97.57,66.19,62.47
Kabupaten Sumenep,1153.2,0.62,41.51,556,401,328,11.33,74.09,88.95,72.65,13.59,6.1,90.81,75.74,69.16,68.48,78.16,1.69,2083764,727.652,0.308,1530449,17.78,4.19,1.53,521366,81.09,92.57,99.26,79.17,54.14
Kota Kediri,298.2,1.03,43.03,4480,114,132,7.64,76.28,63.16,86.07,15.71,10.92,98.9,99.25,58.7,92.87,70.74,3.91,2509576,165.918,0.337,1532678,6.51,1.02,0.25,648506,98.19,100,100,86.99,83.69
Kota Blitar,154.9,0.98,43.62,4709,56,56,9.99,75.47,69.38,79.96,14.81,10.82,98.54,100.33,100,94.58,70.44,5.11,2524844,86.046,0.353,1468379,6.75,1.06,0.24,625337,97.99,100,97.94,89.75,84.98
Kota Malang,872.7,0.87,43.02,7921,170,175,9.46,75.88,48.89,73.08,15.79,11.14,99.24,103.13,124.56,86.66,67.52,6.1,3154607,465.095,0.422,1954957,3.91,0.42,0.08,737954,89.51,100,99.83,78.46,85.92
Kota Probolinggo,249.5,1.06,44.28,4610,67,69,7.34,74.64,63.2,60.39,13.98,9.72,96.16,92.39,86.21,88.82,67.55,4.44,2806260,129.602,0.344,1470650,6.18,0.98,0.21,683244,93.27,100,99.63,85.14,75.71
Kota Pasuruan,219.4,1.4,44.09,5701,59,69,9.69,75.19,76.37,71.28,13.67,9.94,98.98,92.57,67.65,83.91,72.72,4.63,3151103,121.466,0.334,1567251,6.32,0.7,0.12,588312,91.29,100,99.88,81.96,80.48
Kota Mojokerto,137.4,0.95,43.99,6855,53,48,8.36,76.31,55,77.07,14.13,11.38,99.22,105.25,94.44,87.84,72.68,3.76,3015113,77.965,0.357,1672493,5.57,0.74,0.13,630959,99.01,99.64,99.73,82.52,84.13
Kota Madiun,201.8,0.88,43.51,5634,73,71,6.71,76.11,62.7,84.85,14.54,12.11,99.84,90.48,85.19,79.96,70.6,4.3,3012823,115.142,0.435,2043739,4.38,0.56,0.09,666073,98.38,99.82,98.91,90.7,85.14
Kota Surabaya,2922,0.4,42.09,8727,485,514,40.09,76.34,64.77,78.97,14.87,10.89,99.39,87.51,103.92,70.99,70.49,4.91,3902451,1624822,0.381,2602456,3.96,0.65,0.16,775597,99.81,100,100,58.7,87.02
Kota Batu,222.7,1.15,41.84,1159,62,66,5.11,75.7,57.64,81.55,14.58,9.87,99.04,96.64,79.17,84.67,73.53,3.63,2945208,128.47,0.327,1735817,3.06,0.46,0.09,671273,96.99,100,99.35,88.36,81.96
